Feature,Importance
Amount (INR),0.6232879952218191
Hour,0.324089792822803
Sender_Bank_HDFC Bank,0.013389309037079201
App_Other,0.011210690115887779
Sender_Bank_Other Bank,0.010098404058938294
Sender_Bank_Yes Bank,0.00907753075084793
Sender_Bank_SBI Bank,0.008846277992624782
DayOfWeek_Num,0.0
